seller_id,seller_zip_code_prefix,seller_city,seller_state,total_gmv,avg_order_value,total_items,total_freight,avg_freight,unique_orders,unique_products,avg_review_score,review_count,review_score_std,total_reviews,bad_review_rate,avg_shipping_days,median_shipping_days,avg_delivery_days,median_delivery_days,delivery_success_rate,category_count,sku_count,first_order_date,last_order_date,total_orders,active_days,order_frequency,revenue_per_order,items_per_order,is_active,business_tier,cluster_tier,cluster_tier_name
0c7f30ae9b147eca07affbef92832a6a,84020,ponta grossa,PR,479.5,95.9,5,87.61,17.52,5,4,5.0,5,0.0,5,0.0,1.2,1.0,6.2,5.0,100.0,3,4,2017-03-03 11:02:44,2017-04-17 20:12:02,5,46,0.1087,95.9,1.0,1,Basic,1,Silver
cf1313c6e2c01c2f4b014f97db4bcd2b,22050,rio de janeiro \rio de janeiro,RJ,315.7,63.14,5,81.3,16.26,5,3,5.0,5,0.0,5,0.0,1.2,1.0,5.8,6.0,100.0,2,3,2018-06-15 15:55:16,2018-08-06 20:55:21,5,53,0.0943,63.14,1.0,1,Basic,1,Silver
404e1ba01358af4cd63f679b2c4d1fa1,36032,juiz de fora,MG,373.9,31.16,12,177.83,14.82,8,7,5.0,12,0.0,12,0.0,1.75,1.5,5.0,4.0,100.0,3,7,2017-08-21 01:07:46,2018-08-16 12:36:06,12,361,0.0332,46.7375,1.5,1,Basic,1,Silver
94ca168e8bcb407ab85c5da308863027,16250,clementina,SP,224.3,44.86,5,87.36,17.47,5,4,5.0,5,0.0,5,0.0,1.4,2.0,10.0,6.0,100.0,2,4,2017-11-21 21:11:07,2018-08-24 18:37:17,5,276,0.0181,44.86,1.0,1,Basic,1,Silver
7994b065a7ffb14e71c6312cf87b9de2,29142,cariacica / es,ES,453.0,64.71,7,144.34,20.62,5,5,5.0,7,0.0,7,0.0,2.71,3.0,5.14,5.0,100.0,1,5,2018-06-05 20:41:45,2018-08-04 00:42:23,7,60,0.1167,90.6,1.4,1,Basic,1,Silver
bdf0d02d36a1d839d0c39c4a887cdd49,16200,birigui,SP,120.0,17.14,7,95.95,13.71,5,2,5.0,7,0.0,7,0.0,1.14,1.0,6.14,6.0,100.0,1,2,2018-01-07 18:31:16,2018-02-04 20:00:08,7,29,0.2414,24.0,1.4,1,Basic,1,Silver
09bad886111255c5b5030314fc7f1a4a,1022,sao paulo,SP,487.5,97.5,5,72.86,14.57,5,1,5.0,5,0.0,5,0.0,2.4,2.0,3.0,1.0,100.0,1,1,2018-08-08 18:25:48,2018-08-27 19:37:48,5,20,0.25,97.5,1.0,1,Basic,1,Silver
762fafdaa57a532ee0119731697579dd,13311,itu,SP,206.7,41.34,5,54.17,10.83,5,4,5.0,5,0.0,5,0.0,1.2,1.0,2.4,2.0,100.0,2,4,2018-06-08 02:18:40,2018-08-11 11:01:19,5,65,0.0769,41.34,1.0,1,Basic,1,Silver
23ca5f678e0b3ea6c630b30fa8bf51ea,2839,sao paulo,SP,183.0,26.14,7,96.39,13.77,6,4,5.0,7,0.0,7,0.0,2.71,2.0,4.0,4.0,100.0,1,4,2017-03-04 11:44:25,2017-05-04 23:14:03,7,62,0.1129,30.5,1.1666666666666667,1,Basic,1,Silver
4049512728d969bec69f84088b012416,30310,belo horizonte,MG,389.84,43.32,9,160.43,17.83,7,7,5.0,9,0.0,9,0.0,2.78,2.0,7.11,6.0,100.0,2,7,2017-04-23 22:08:43,2018-01-31 23:46:01,9,284,0.0317,55.69142857142857,1.2857142857142858,1,Basic,1,Silver
c3fe93ba3085f92855c97e57f38c8c05,81510,curitiba,PR,245.0,35.0,7,113.97,16.28,7,5,5.0,7,0.0,7,0.0,3.5,2.5,8.67,8.0,85.71,1,5,2017-06-08 18:45:48,2018-07-24 23:30:08,7,412,0.017,35.0,1.0,1,Basic,1,Silver
f8d5c7085db9a4ad2b8c1ffbeb2798c8,4104,sao paulo,SP,263.0,43.83,6,100.41,16.74,6,5,5.0,6,0.0,6,0.0,2.83,3.0,8.5,7.0,100.0,1,5,2017-03-30 11:59:33,2018-02-05 19:51:29,6,313,0.0192,43.833333333333336,1.0,1,Basic,1,Silver
9c1c0c36cd23c20897e473901a8fb149,11702,praia grande,SP,544.97,77.85,7,172.07,24.58,6,3,5.0,7,0.0,7,0.0,1.43,1.0,3.43,3.0,100.0,1,3,2018-05-18 18:22:51,2018-08-23 19:57:47,7,98,0.0714,90.82833333333332,1.1666666666666667,1,Bronze,1,Silver
5721089ba9214e80074f27d5a03fc0eb,1408,sao paulo,SP,245.93,35.13,7,66.64,9.52,5,4,5.0,7,0.0,7,0.0,3.0,2.0,3.57,5.0,100.0,2,4,2017-11-02 11:01:12,2018-01-30 15:24:11,7,90,0.0778,49.186,1.4,1,Basic,1,Silver
a64e44665225d19dfc0277eeeaaccc57,19400,sao paulo,SP,335.0,55.83,6,91.76,15.29,6,3,5.0,6,0.0,6,0.0,2.0,1.5,5.33,5.0,100.0,1,3,2018-06-22 15:06:34,2018-08-22 14:53:45,6,61,0.0984,55.833333333333336,1.0,1,Basic,1,Silver
adbe70ab2c97442046d393988c8d1d27,9321,maua,SP,289.5,57.9,5,65.15,13.03,5,2,5.0,4,0.0,4,0.0,1.0,1.0,5.2,6.0,100.0,1,2,2017-09-07 13:07:38,2017-10-12 16:51:36,5,36,0.1389,57.9,1.0,1,Basic,1,Silver
0570350b23eda5444f8d1d9544932058,5104,sao paulo,SP,626.9,56.99,11,124.86,11.35,6,3,5.0,11,0.0,11,0.0,0.73,1.0,3.0,1.0,100.0,2,3,2018-04-12 23:43:37,2018-05-22 20:17:22,11,40,0.275,104.48333333333332,1.8333333333333333,1,Bronze,1,Silver
48efc9d94a9834137efd9ea76b065a38,81130,curitiba,PR,345.6,10.16,34,320.4,9.42,33,17,5.0,34,0.0,34,0.0,5.15,6.0,5.09,5.0,100.0,8,17,2016-12-23 23:16:47,2017-01-26 10:00:37,34,34,1.0,10.472727272727273,1.0303030303030305,1,Basic,4,Gold
228e4c1a0be164f613d41c24345f9d2c,86360,bandeirantes,PR,539.7,107.94,5,229.74,45.95,5,3,5.0,5,0.0,5,0.0,3.6,3.0,6.8,7.0,100.0,1,3,2018-05-07 13:31:20,2018-08-10 22:17:45,5,96,0.0521,107.94,1.0,1,Bronze,1,Silver
41e0fa5761c886a630994a55c12087e7,11446,guaruja,SP,423.6,84.72,5,68.31,13.66,5,2,5.0,5,0.0,5,0.0,2.2,3.0,7.2,4.0,100.0,1,2,2018-04-03 16:31:37,2018-06-14 20:24:49,5,73,0.0685,84.72,1.0,1,Basic,1,Silver
74871d19219c7d518d0090283e03c137,4650,sao paulo,SP,550.04,78.58,7,87.87,12.55,6,6,5.0,7,0.0,7,0.0,0.14,0.0,2.57,1.0,100.0,3,6,2018-04-05 16:56:38,2018-08-21 19:11:28,7,139,0.0504,91.67333333333332,1.1666666666666667,1,Bronze,1,Silver
41c2bad7229b0c25e6becf179ebf63ff,59020,natal,RN,782.0,34.0,23,189.92,8.26,20,4,4.96,23,0.21,23,0.0,1.22,1.0,2.57,3.0,100.0,1,4,2017-11-27 23:23:49,2018-07-20 21:11:30,23,235,0.0979,39.1,1.15,1,Bronze,1,Silver
9d681c7e12db302cb261e721040dde65,80330,curitiba,PR,785.6,56.11,14,273.08,19.51,13,8,4.93,14,0.27,14,0.0,1.93,1.5,6.29,5.5,100.0,1,8,2018-05-21 18:18:25,2018-08-16 16:19:13,14,87,0.1609,60.43076923076923,1.0769230769230769,1,Bronze,1,Silver
2f4b0d3b9634b647d4edee577d7ebb7e,2310,sao paulo,SP,337.9,30.72,11,84.41,7.67,10,3,4.91,11,0.3,11,0.0,3.73,4.0,2.0,1.0,100.0,1,3,2018-01-26 16:15:02,2018-03-10 10:10:19,11,43,0.2558,33.79,1.1,1,Basic,1,Silver
2d2322d842118867781fc737e96d59a1,5879,sao paulo,SP,176.4,17.64,10,104.97,10.5,8,5,4.9,10,0.32,10,0.0,1.6,2.0,4.5,1.5,100.0,1,5,2018-06-08 10:35:03,2018-08-25 21:20:50,10,79,0.1266,22.05,1.25,1,Basic,1,Silver
bd149ed516d4c5d418d5781f8e18919f,7241,guarulhos,SP,414.0,46.0,9,141.94,15.77,8,3,4.89,9,0.33,9,0.0,3.33,1.0,4.67,5.0,100.0,1,3,2017-10-31 14:13:14,2018-08-23 23:04:04,9,297,0.0303,51.75,1.125,1,Basic,1,Silver
b67d6c666e8dce1d078c882825e12704,3641,sao paulo,SP,352.84,44.1,8,104.19,13.02,7,6,4.88,8,0.35,8,0.0,3.0,2.5,4.62,6.0,100.0,2,6,2018-07-06 12:11:22,2018-08-08 16:42:07,8,34,0.2353,50.40571428571428,1.1428571428571428,1,Basic,1,Silver
0951a6e282947e09cd47969f4ed0b47f,6763,taboao da serra,SP,492.3,70.33,7,88.02,12.57,7,2,4.86,7,0.38,7,0.0,0.57,1.0,3.29,3.0,100.0,2,2,2018-07-26 09:25:14,2018-08-27 14:39:21,7,33,0.2121,70.32857142857144,1.0,1,Basic,1,Silver
3ea00e1dea2b0659dbaf654735929220,80020,curitiba,PR,505.0,72.14,7,144.97,20.71,7,2,4.86,7,0.38,7,0.0,2.29,2.0,7.71,6.0,100.0,1,2,2017-02-22 16:04:36,2018-03-14 23:13:24,7,386,0.0181,72.14285714285714,1.0,1,Bronze,1,Silver
6b803197e03abd5056b4313306b4f29d,1123,sao paulo,SP,407.0,33.92,12,123.62,10.3,7,5,4.83,12,0.58,12,0.0,0.33,0.0,3.58,1.0,100.0,2,5,2018-02-06 23:23:59,2018-08-20 21:11:22,12,195,0.0615,58.142857142857146,1.7142857142857142,1,Basic,1,Silver
101a3a003516bc11253298b2fad3cb65,13503,rio claro,SP,450.0,75.0,6,74.0,12.33,5,2,4.83,6,0.41,6,0.0,1.17,0.0,5.0,6.0,100.0,2,2,2018-06-21 20:47:22,2018-07-26 19:02:58,6,35,0.1714,90.0,1.2,1,Basic,1,Silver
a72c2f59332659e361d647515c698798,95270,flores da cunha,RS,802.9,133.82,6,131.03,21.84,5,3,4.83,6,0.41,6,0.0,2.33,2.0,6.5,6.0,100.0,2,3,2018-01-14 17:09:25,2018-07-16 21:37:24,6,184,0.0326,160.57999999999998,1.2,1,Bronze,1,Silver
33cbda8716511e27e556dff9d8418bf2,89052,blumenau,SC,507.4,84.57,6,108.17,18.03,5,5,4.83,6,0.41,6,0.0,1.5,1.0,10.67,12.0,100.0,3,5,2017-03-30 14:48:27,2018-06-05 13:29:17,6,432,0.0139,101.48,1.2,1,Bronze,1,Silver
6e13dd869aa7185f601c941423abcc8f,5311,sao paulo,SP,522.0,87.0,6,76.08,12.68,5,2,4.83,6,0.41,6,0.0,1.83,2.0,1.67,1.0,100.0,1,2,2018-04-07 18:30:52,2018-07-17 16:29:37,6,101,0.0594,104.4,1.2,1,Bronze,1,Silver
6c6e3d67f969468f3bfd33f827a31222,87035,maringa,PR,224.0,37.33,6,92.41,15.4,5,4,4.83,6,0.41,6,0.0,0.33,0.0,7.67,9.0,100.0,1,4,2018-03-11 22:56:57,2018-08-09 18:55:30,6,151,0.0397,44.8,1.2,1,Basic,1,Silver
bb2afe2061d53c6968aa0cffa233a8ec,4307,sao paulo,SP,549.4,91.57,6,94.62,15.77,5,4,4.83,6,0.41,6,0.0,0.17,0.0,3.83,4.5,100.0,1,4,2018-05-09 17:11:55,2018-07-21 23:56:29,6,74,0.0811,109.88,1.2,1,Bronze,1,Silver
5a6a02f419701fc8c605af71d4fc57a4,13465,americana,SP,600.5,54.59,11,113.91,10.36,10,9,4.82,11,0.4,11,0.0,1.64,1.0,2.55,1.0,100.0,2,9,2018-05-14 21:43:39,2018-08-24 23:42:21,11,103,0.1068,60.05,1.1,1,Bronze,1,Silver
b080809eaacb49e5ca07290981472431,30431,belo horizonte,MG,424.0,38.55,11,143.4,13.04,11,6,4.82,11,0.4,11,0.0,3.45,1.0,6.09,6.0,100.0,1,6,2017-02-24 17:04:27,2018-05-15 08:48:09,11,445,0.0247,38.54545454545455,1.0,1,Basic,1,Silver
0ff83046c3fa22efee8ecf291888b191,95110,caxias do sul,RS,768.9,69.9,11,254.48,23.13,10,6,4.82,11,0.4,11,0.0,3.27,3.0,8.09,7.0,100.0,1,6,2017-04-01 18:33:06,2018-04-01 22:36:20,11,366,0.0301,76.89,1.1,1,Bronze,1,Silver
d4f117125b59ce73c3302f88ee40c458,4058,sao paulo,SP,783.29,46.08,17,215.32,12.67,17,8,4.82,17,0.39,17,0.0,1.47,1.0,5.18,6.0,100.0,1,8,2017-12-05 19:02:08,2018-08-12 15:55:36,17,250,0.068,46.07588235294117,1.0,1,Bronze,1,Silver
bbaff50f3b708fda865918715276cd87,12940,atibaia,SP,449.7,28.11,16,202.07,12.63,12,11,4.81,16,0.54,16,0.0,2.19,1.0,5.44,4.5,100.0,1,11,2017-03-15 11:20:40,2018-08-06 21:40:05,16,510,0.0314,37.475,1.3333333333333333,1,Basic,1,Silver
9dd59e43f0c9f0553244e8f9c2fb247e,85851,foz do iguacu,PR,356.3,35.63,10,151.82,15.18,10,8,4.8,10,0.63,10,0.0,2.1,1.5,10.1,7.5,100.0,1,8,2017-10-15 16:10:27,2018-01-23 15:30:59,10,100,0.1,35.63,1.0,1,Basic,1,Silver
b4b447d715f9ab302a188fb43d3e96b3,4711,sao paulo,SP,685.93,137.19,5,93.73,18.75,5,2,4.8,5,0.45,5,0.0,1.2,1.0,1.6,1.0,100.0,1,2,2018-07-03 15:00:40,2018-08-26 22:19:40,5,55,0.0909,137.18599999999998,1.0,1,Bronze,1,Silver
2fb25ab44bdbeae6a4d816e0d0c9d500,27274,volta redonda,RJ,683.08,136.62,5,78.21,15.64,5,2,4.8,5,0.45,5,0.0,1.8,2.0,5.6,7.0,100.0,2,2,2017-08-18 01:36:03,2018-06-22 21:40:54,5,309,0.0162,136.616,1.0,1,Bronze,1,Silver
8e34331b7eedd03be4e5d965c1956225,4009,sao paulo,SP,145.0,29.0,5,65.44,13.09,5,5,4.8,5,0.45,5,0.0,2.6,3.0,10.4,11.0,100.0,1,5,2018-01-22 11:43:20,2018-07-05 14:24:57,5,165,0.0303,29.0,1.0,1,Basic,1,Silver
a37c340b91cb0169e8b029db6440fba2,4424,sao paulo,SP,345.0,69.0,5,94.95,18.99,5,1,4.8,5,0.45,5,0.0,4.4,5.0,5.6,3.0,100.0,0,1,2017-06-26 16:37:01,2017-09-14 16:37:03,5,81,0.0617,69.0,1.0,1,Basic,1,Silver
acf974e4d5950ad143a247471b831eb9,95059,caxias do sul,RS,423.8,35.32,12,329.82,27.48,5,3,4.8,10,0.42,10,0.0,2.0,2.0,10.67,13.0,100.0,1,3,2017-03-07 16:20:35,2017-10-30 13:27:55,12,237,0.0506,84.76,2.4,1,Basic,1,Silver
b76a1f8356322f12529c37b67d5c96c2,11015,santos,SP,298.5,59.7,5,56.39,11.28,5,5,4.8,5,0.45,5,0.0,1.4,1.0,5.0,6.0,100.0,4,5,2017-12-19 19:01:13,2018-02-19 15:11:22,5,62,0.0806,59.7,1.0,1,Basic,1,Silver
d94ba08b99bedd6a5f6c875ecc4a6fac,86800,apucarana,PR,599.0,59.9,10,179.27,17.93,9,1,4.8,10,0.63,10,0.0,2.1,2.0,8.56,6.0,90.0,1,1,2017-04-12 11:02:29,2017-07-27 10:15:39,10,106,0.0943,66.55555555555556,1.1111111111111112,1,Bronze,1,Silver
499ec63c58e51296c9cf57edcfe1c8a8,2918,sao paulo,SP,365.0,73.0,5,47.93,9.59,5,1,4.8,5,0.45,5,0.0,0.6,0.0,3.8,2.0,100.0,1,1,2018-04-11 16:15:39,2018-06-03 19:20:42,5,54,0.0926,73.0,1.0,1,Basic,1,Silver
5236605f4d4b0b3e4df85b850393fca0,3311,sao paulo,SP,265.3,53.06,5,82.18,16.44,5,4,4.8,5,0.45,5,0.0,3.2,2.0,6.2,3.0,100.0,1,4,2017-08-09 13:04:46,2018-08-04 18:22:26,5,361,0.0139,53.06,1.0,1,Basic,1,Silver
ca77545ca4d2dfd1431bf61334e2fa3c,87020,maringa,PR,760.0,76.0,10,213.71,21.37,6,2,4.8,10,0.42,10,0.0,2.0,2.0,10.8,10.0,100.0,2,2,2018-01-02 09:37:13,2018-04-24 15:34:22,10,113,0.0885,126.66666666666669,1.6666666666666667,1,Bronze,1,Silver
97e995629983723d11830a829bc2b246,12604,lorena,SP,499.5,99.9,5,99.37,19.87,5,5,4.8,5,0.45,5,0.0,4.2,4.0,11.8,9.0,100.0,2,5,2017-11-07 16:31:04,2018-08-16 15:44:33,5,282,0.0177,99.9,1.0,1,Basic,1,Silver
38af8acfd46ac4a7bf754e8ca6736664,4364,sao paulo,SP,345.0,69.0,5,52.94,10.59,5,2,4.8,5,0.45,5,0.0,2.2,2.0,2.8,1.0,100.0,1,2,2017-11-27 23:02:54,2018-02-14 11:15:39,5,79,0.0633,69.0,1.0,1,Basic,1,Silver
b127efdabeffb5d559349c7b172eb75d,4308,sao paulo,SP,308.5,30.85,10,112.77,11.28,10,10,4.8,10,0.63,10,0.0,1.2,0.5,7.5,6.5,100.0,1,10,2017-01-26 13:51:54,2017-05-17 19:12:52,10,112,0.0893,30.85,1.0,1,Basic,1,Silver
079d295dcbf06ee8bb1b65ba964eb2b6,2124,sao paulo,SP,349.3,34.93,10,190.79,19.08,5,3,4.8,10,0.42,10,0.0,0.4,0.0,5.9,5.0,100.0,1,3,2018-06-25 12:37:03,2018-08-09 20:00:05,10,46,0.2174,69.86,2.0,1,Basic,1,Silver
8060d731897e33b5c5ae575ce1e209e1,89052,blumenau,SP,199.5,39.9,5,91.45,18.29,5,1,4.8,5,0.45,5,0.0,1.0,2.0,6.0,6.0,100.0,1,1,2018-05-07 10:09:40,2018-07-14 14:32:44,5,69,0.0725,39.9,1.0,1,Basic,1,Silver
4c1c7281388a33dd06daac44f9fadbd1,17510,marilia,SP,188.32,37.66,5,81.59,16.32,5,5,4.8,5,0.45,5,0.0,1.2,1.0,6.6,8.0,100.0,3,5,2018-04-04 09:12:02,2018-06-20 19:31:47,5,78,0.0641,37.664,1.0,1,Basic,1,Silver
8b2d4ab22f42c5cfc338b846decfda60,83820,fazenda rio grande,PR,458.0,50.89,9,185.32,20.59,6,3,4.78,9,0.44,9,0.0,2.67,2.0,9.33,9.0,100.0,2,3,2018-03-28 00:32:25,2018-08-20 00:11:37,9,145,0.0621,76.33333333333333,1.5,1,Basic,1,Silver
f9ec7093df3a7b346b7bcf7864069ca3,5138,sao paulo,SP,519.2,57.69,9,118.93,13.21,9,9,4.78,9,0.67,9,0.0,0.78,1.0,4.44,1.0,100.0,5,9,2018-07-05 06:46:44,2018-08-26 20:08:21,9,53,0.1698,57.6888888888889,1.0,1,Bronze,1,Silver
e88c9b79e592e370d6bd852eeefbf057,85501,pato branco,PR,251.87,27.99,9,142.11,15.79,8,7,4.78,9,0.44,9,0.0,1.67,1.0,5.89,6.0,100.0,1,7,2017-05-21 19:53:52,2017-07-13 11:44:22,9,53,0.1698,31.48375,1.125,1,Basic,1,Silver
75a4764c108403a7a0575140cb22287c,95072,caxias do sul,RS,716.9,79.66,9,210.15,23.35,5,3,4.78,9,0.44,9,0.0,2.33,3.0,6.78,6.0,100.0,2,3,2017-12-12 08:14:21,2018-04-10 08:47:23,9,120,0.075,143.38,1.8,1,Bronze,1,Silver
da6a60cc8cc724fe51be021ff8be779c,28941,sao pedro da aldeia,RJ,728.79,56.06,13,255.79,19.68,12,9,4.77,13,0.44,13,0.0,1.38,1.0,5.38,5.0,100.0,2,9,2018-05-21 21:49:53,2018-08-17 00:51:18,13,88,0.1477,60.7325,1.0833333333333333,1,Bronze,1,Silver
aac51c486b672a9850d59f3e84b1cf88,2752,sao paulo,SP,728.28,56.02,13,131.29,10.1,10,6,4.77,13,0.44,13,0.0,0.69,0.0,3.54,1.0,100.0,3,6,2018-08-12 09:56:51,2018-08-24 20:24:26,13,13,1.0,72.828,1.3,1,Bronze,1,Silver
13f57c12a00ed4610db646b913a7f5c6,11015,santos,SP,645.2,49.63,13,175.95,13.53,7,6,4.77,13,0.44,13,0.0,2.31,1.0,9.54,9.0,100.0,1,6,2017-09-25 10:08:28,2018-05-04 06:35:42,13,221,0.0588,92.17142857142858,1.8571428571428568,1,Bronze,1,Silver
57fe6232e67823593374a2281d7a8af8,13360,capivari,SP,178.68,22.34,8,105.36,13.17,8,7,4.75,8,0.46,8,0.0,1.12,0.5,7.38,7.0,100.0,1,7,2017-03-05 22:11:02,2017-12-01 08:46:08,8,271,0.0295,22.335,1.0,1,Basic,1,Silver
a06c8ff043abea0528ee44171e2140a2,35501,divinopolis,MG,514.5,64.31,8,92.43,11.55,8,6,4.75,8,0.46,8,0.0,0.38,0.0,2.62,1.5,100.0,3,6,2018-02-22 16:33:54,2018-08-09 21:16:06,8,169,0.0473,64.3125,1.0,1,Bronze,1,Silver
59cd88080b93f3c18508673122d26169,11707,praia grande,SP,392.33,32.69,12,175.38,14.62,10,10,4.75,12,0.62,12,0.0,2.17,2.0,10.5,7.5,100.0,1,10,2017-07-26 16:02:36,2017-12-09 11:52:32,12,136,0.0882,39.233,1.2,1,Basic,1,Silver
89a51f50b8095ea78d5768f34c13a76f,71931,brasilia,DF,677.16,61.56,11,177.1,16.1,10,10,4.73,11,0.47,11,0.0,0.91,0.0,5.73,6.0,100.0,1,10,2018-04-24 15:34:42,2018-07-31 20:54:09,11,99,0.1111,67.716,1.1,1,Bronze,1,Silver
3d0cd21d41671c46f82cd11176bf7277,89217,joinville,SC,447.8,40.71,11,174.58,15.87,9,6,4.73,11,0.65,11,0.0,3.09,4.0,9.0,9.0,100.0,4,6,2017-08-08 20:26:31,2018-08-06 14:38:01,11,363,0.0303,49.75555555555556,1.2222222222222223,1,Basic,1,Silver
e8a85b5f3df47be0984c55fd4064dbb4,71825,brasilia,DF,743.0,53.07,14,222.99,15.93,8,6,4.71,14,1.07,14,7.14,5.14,5.0,4.29,3.0,100.0,4,6,2018-02-11 08:14:07,2018-08-21 08:35:57,14,192,0.0729,92.875,1.75,1,Bronze,1,Silver
d197aa8fbc64087f61984deef05f6227,12224,sao jose dos campos,SP,519.09,74.16,7,111.56,15.94,6,6,4.71,7,0.49,7,0.0,2.86,3.0,3.29,2.0,100.0,2,6,2018-05-16 21:36:57,2018-08-21 13:46:22,7,97,0.0722,86.515,1.1666666666666667,1,Bronze,1,Silver
6824a69c9ea0313eba299dd4a2dba09a,35570,formiga,MG,666.9,95.27,7,117.18,16.74,6,6,4.71,7,0.76,7,0.0,0.0,0.0,3.57,2.0,100.0,3,6,2018-07-24 14:23:37,2018-08-20 15:12:42,7,28,0.25,111.15,1.1666666666666667,1,Bronze,1,Silver
365e4bce19bda0082c3d15d83fdb8bcd,9570,sao caetano do sul,SP,796.4,113.77,7,98.62,14.09,6,6,4.71,7,0.49,7,0.0,1.43,2.0,9.0,11.0,100.0,2,6,2018-01-22 13:52:39,2018-06-29 23:18:47,7,159,0.044,132.73333333333332,1.1666666666666667,1,Bronze,1,Silver
d2f3e277560ed4c6361284429b00f037,12942,atibaia,SP,320.55,45.79,7,134.11,19.16,7,7,4.71,7,0.49,7,0.0,1.57,1.0,5.43,7.0,100.0,1,7,2017-07-08 11:34:46,2017-10-08 13:26:33,7,93,0.0753,45.79285714285714,1.0,1,Basic,1,Silver
fadb07c842a2aef5d5a676b85f220e71,15052,sao jose do rio preto,SP,398.75,56.96,7,171.62,24.52,7,6,4.71,7,0.76,7,0.0,0.14,0.0,5.43,7.0,100.0,2,6,2018-06-05 13:24:11,2018-08-27 15:04:59,7,84,0.0833,56.96428571428572,1.0,1,Basic,1,Silver
55029529919c0123526150bd26ca8f20,32280,contagem,MG,453.95,64.85,7,134.88,19.27,7,6,4.71,7,0.49,7,0.0,3.0,3.0,4.86,5.0,100.0,3,6,2018-06-13 13:31:02,2018-08-13 15:07:30,7,62,0.1129,64.85,1.0,1,Basic,1,Silver
86ff3eaef0267069cc891a2ed9d10a17,88135,palhoca,SC,409.75,58.54,7,140.61,20.09,7,7,4.71,7,0.76,7,0.0,1.14,1.0,7.14,6.0,100.0,2,7,2018-04-17 15:19:13,2018-07-08 21:08:26,7,83,0.0843,58.535714285714285,1.0,1,Basic,1,Silver
5c3460cd3e8a984382ae254e7dd20d9f,15085,sao jose do rio preto,SP,775.76,77.58,10,198.54,19.85,9,5,4.7,10,0.67,10,0.0,0.7,0.0,7.9,6.0,100.0,1,5,2018-02-23 21:00:11,2018-08-16 15:40:31,10,174,0.0575,86.19555555555556,1.1111111111111112,1,Bronze,1,Silver
33cbbec1e7e1044aaf11d152172c776f,95705,bento goncalves,RS,730.67,45.67,16,398.83,24.93,15,9,4.69,16,0.48,16,0.0,0.75,1.0,6.31,5.0,100.0,1,9,2018-04-03 20:15:00,2018-08-18 13:56:19,16,137,0.1168,48.71133333333333,1.0666666666666669,1,Bronze,1,Silver
26d6bbee02420494d471c9f6436929c0,81530,curitiba,PR,434.51,33.42,13,247.19,19.01,12,10,4.69,13,0.48,13,0.0,1.08,1.0,6.08,4.0,100.0,4,10,2018-04-05 12:14:30,2018-08-25 19:15:56,13,143,0.0909,36.20916666666667,1.0833333333333333,1,Basic,1,Silver
caa9bc43a9fe8cf9c564ddd8a03cc4a6,12308,jacarei,SP,803.87,57.42,14,233.87,16.71,13,5,4.69,13,0.48,13,0.0,2.07,1.5,6.07,2.5,100.0,1,5,2018-04-16 13:04:33,2018-08-27 18:50:06,14,134,0.1045,61.83615384615385,1.0769230769230769,1,Bronze,1,Silver
18e694e0e48ed6f7aa3f24aade5fd697,13224,varzea paulista,SP,701.54,20.63,34,504.23,14.83,31,4,4.68,34,0.53,34,0.0,1.09,1.0,4.03,3.0,100.0,3,4,2018-06-05 19:28:28,2018-08-26 19:07:32,34,82,0.4146,22.63032258064516,1.096774193548387,1,Bronze,1,Silver
c8cc60ffd415254af5d9b9f34f32c369,18053,sorocaba,SP,722.2,80.24,9,194.03,21.56,8,7,4.67,9,0.5,9,0.0,0.44,0.0,3.67,1.0,100.0,1,7,2018-06-05 19:11:38,2018-08-15 17:47:48,9,71,0.1268,90.275,1.125,1,Bronze,1,Silver
c70a353f02429c00775a46a75fb787da,8275,sao paulo,SP,242.0,40.33,6,94.94,15.82,6,4,4.67,6,0.82,6,0.0,0.83,0.5,4.83,6.5,100.0,1,4,2018-07-17 18:27:15,2018-08-10 15:11:34,6,24,0.25,40.333333333333336,1.0,1,Basic,1,Silver
2953ce3a88f5e3c3b696d77fc9e4c8eb,4270,sao paulo,SP,470.0,31.33,15,161.32,10.75,14,7,4.67,15,1.05,15,6.67,2.27,2.0,5.13,3.0,100.0,2,7,2017-10-01 10:19:07,2018-08-23 17:19:57,15,327,0.0459,33.57142857142857,1.0714285714285714,1,Basic,1,Silver
6e1862e15f33d9994bc25922a85e1efc,13505,rio claro,SP,732.49,52.32,14,147.47,10.53,8,7,4.67,12,1.15,12,8.33,0.5,0.0,2.25,2.0,85.71,2,7,2018-06-08 09:47:41,2018-08-21 15:44:52,14,75,0.1867,91.56125,1.75,1,Bronze,1,Silver
6b15924333bd1a741595fe981ea04822,9541,sao caetano do sul,SP,614.32,29.25,21,240.14,11.44,21,5,4.67,21,0.66,21,0.0,1.19,1.0,5.86,5.0,100.0,1,5,2017-02-01 11:13:37,2017-07-05 00:35:30,21,154,0.1364,29.253333333333337,1.0,1,Bronze,1,Silver
ce616e1913288884e7742faac9d981db,6711,cotia,SP,365.1,15.21,24,274.93,11.46,15,9,4.67,24,0.7,24,0.0,0.86,0.0,6.0,3.5,91.67,1,9,2018-05-19 20:17:34,2018-08-21 19:13:36,24,94,0.2553,24.34,1.6,1,Basic,1,Silver
28ea411b354f14b1a494be4e79f0ce02,5685,sao paulo,SP,820.0,136.67,6,76.93,12.82,6,6,4.67,6,0.52,6,0.0,1.33,1.0,6.17,3.0,100.0,2,6,2017-02-28 13:40:03,2018-01-30 16:34:50,6,337,0.0178,136.66666666666666,1.0,1,Bronze,1,Silver
c3aad7dc65449ae90a5e9c3c6c1e78e0,15350,auriflama/sp,SP,510.0,85.0,6,130.36,21.73,6,5,4.67,6,0.82,6,0.0,2.67,3.0,3.83,3.0,100.0,1,5,2018-08-10 15:26:47,2018-08-23 00:23:11,6,13,0.4615,85.0,1.0,1,Bronze,1,Silver
768a86e36ad6aae3d03ee3c6433d61df,1529,sao paulo,SP,587.46,34.56,17,180.24,10.6,17,8,4.65,17,0.61,17,0.0,0.94,0.0,3.35,3.0,100.0,2,8,2018-06-19 11:51:55,2018-08-23 20:27:42,17,66,0.2576,34.5564705882353,1.0,1,Bronze,1,Silver
b2c97074649f92197d9387d9033dda5f,18604,botucatu,SP,684.71,62.25,11,279.37,25.4,10,9,4.64,11,0.5,11,0.0,1.0,1.0,10.09,8.0,100.0,2,9,2018-04-23 10:28:37,2018-08-14 13:27:56,11,114,0.0965,68.471,1.1,1,Bronze,1,Silver
5a413ade68e8f8d93071a7f52a64cb9e,3679,sao paulo,SP,778.9,55.64,14,153.77,10.98,14,4,4.64,14,1.08,14,7.14,0.5,0.0,2.79,1.5,100.0,1,4,2018-08-08 07:11:24,2018-08-29 08:25:34,14,22,0.6364,55.635714285714286,1.0,1,Bronze,1,Silver
638cba8be1fb599bbb76fd6948351eb3,12242,sao jose dos campos,SP,598.2,23.01,26,315.67,12.14,17,12,4.63,27,0.69,27,3.7,1.5,1.0,6.05,6.0,84.62,2,12,2017-05-07 17:57:19,2017-09-28 15:30:58,26,144,0.1806,35.188235294117646,1.5294117647058822,1,Bronze,1,Silver
1b45169b635ef59425637e9a33eb5fb3,87050,maringa,PR,308.9,38.61,8,110.45,13.81,7,6,4.62,8,1.06,8,12.5,2.12,1.5,5.0,5.5,100.0,4,6,2018-02-13 13:27:43,2018-08-15 23:04:04,8,184,0.0435,44.12857142857143,1.1428571428571428,1,Basic,1,Silver
7b98de631987e26dd6d803490c43a13c,87900,loanda,PR,634.2,79.28,8,144.43,18.05,8,5,4.62,8,0.52,8,0.0,1.5,1.0,8.12,8.0,100.0,2,5,2018-05-22 15:14:41,2018-08-02 12:07:34,8,72,0.1111,79.275,1.0,1,Bronze,1,Silver
70125af26c2d6d4ef401a1d02ae7701f,74435,goiania,GO,371.2,46.4,8,258.42,32.3,5,3,4.62,8,0.52,8,0.0,1.12,1.0,8.38,6.0,100.0,1,3,2018-07-03 16:23:42,2018-08-18 16:43:27,8,47,0.1702,74.24,1.6,1,Basic,1,Silver
fc38b5dceee1a730fad8853453437fbd,13073,campinas,SP,119.2,23.84,5,58.81,11.76,5,5,4.6,5,0.55,5,0.0,3.4,3.0,4.0,5.0,100.0,2,5,2017-04-05 08:23:43,2017-12-15 19:13:52,5,255,0.0196,23.84,1.0,1,Basic,1,Silver
f92d8c817434bd2d84d4e9c61322b7fa,18048,sorocaba,SP,174.84,34.97,5,50.77,10.15,5,3,4.6,5,0.89,5,0.0,4.8,3.0,2.6,3.0,100.0,1,3,2018-01-19 14:57:16,2018-07-26 18:24:47,5,189,0.0265,34.968,1.0,1,Basic,1,Silver
59cea8e446d3834393058e7e0666b6fb,87050,maringa,PR,696.6,69.66,10,204.54,20.45,10,5,4.6,10,0.84,10,0.0,1.4,1.0,5.3,5.0,100.0,4,5,2018-06-16 16:17:45,2018-08-16 14:23:18,10,61,0.1639,69.66,1.0,1,Bronze,1,Silver
debe6615cd90cc0c2eac2b8988e1f628,4282,sao paulo,SP,278.5,55.7,5,95.53,19.11,5,3,4.6,5,0.55,5,0.0,0.8,1.0,10.0,6.0,100.0,2,3,2017-01-28 23:09:31,2017-03-20 19:58:27,5,51,0.098,55.7,1.0,1,Basic,1,Silver
4bcec44888b30ba9001234c534716d3f,9230,santo andre,SP,146.0,29.2,5,63.23,12.65,5,2,4.6,5,0.89,5,0.0,0.8,0.0,7.6,5.0,100.0,1,2,2018-01-06 11:57:52,2018-07-18 15:22:25,5,194,0.0258,29.2,1.0,1,Basic,1,Silver
117cfc326c6d50da67ca858ff5c0c852,25530,sao joao de meriti,RJ,454.6,90.92,5,81.48,16.3,5,2,4.6,5,0.55,5,0.0,0.6,1.0,4.6,3.0,100.0,2,2,2018-05-02 15:22:57,2018-05-19 16:47:00,5,18,0.2778,90.92,1.0,1,Basic,1,Silver
31eec405c9bb71dec8e2629a92e764fa,29300,cachoeiro de itapemirim,ES,256.89,51.38,5,170.24,34.05,5,5,4.6,5,0.55,5,0.0,1.0,0.0,6.8,7.0,100.0,5,5,2018-06-27 12:28:47,2018-08-10 13:10:40,5,45,0.1111,51.378,1.0,1,Basic,1,Silver
33d677f27a69b84051204ee4ae76eaca,89218,joinville,SC,165.0,16.5,10,173.49,17.35,9,5,4.6,10,0.97,10,10.0,3.0,2.0,5.4,5.5,100.0,3,5,2018-03-17 19:07:43,2018-07-20 19:11:27,10,126,0.0794,18.33333333333333,1.1111111111111112,1,Basic,1,Silver
392353362d22cc2c236e1ee81ff19890,89069,blumenau,SC,288.7,28.87,10,191.97,19.2,5,3,4.6,10,0.84,10,0.0,1.4,2.0,5.9,6.5,100.0,2,3,2018-04-13 22:12:39,2018-08-22 21:48:00,10,131,0.0763,57.74,2.0,1,Basic,1,Silver
0a85ebe4e328db81ac9109781205e2f7,13205,jundiai,SP,667.9,55.66,12,137.75,11.48,12,8,4.58,12,0.67,12,0.0,1.08,0.5,3.25,3.0,100.0,2,8,2018-05-11 10:18:31,2018-08-24 15:40:41,12,106,0.1132,55.65833333333333,1.0,1,Bronze,1,Silver
49383af7ab774e4e8f3000f49c83dc4b,12080,taubate,SP,660.0,55.0,12,242.23,20.19,8,1,4.58,12,0.79,12,0.0,2.25,2.5,4.92,5.0,100.0,1,1,2018-04-27 19:48:04,2018-08-20 23:18:27,12,116,0.1034,82.5,1.5,1,Bronze,1,Silver
fa14641f57b655e933124a9ea49cd7a5,1310,sao paulo,SP,359.93,51.42,7,83.06,11.87,7,6,4.57,7,0.53,7,0.0,2.29,2.0,3.71,4.0,100.0,3,6,2017-05-19 18:42:14,2018-02-05 13:55:53,7,262,0.0267,51.41857142857143,1.0,1,Basic,1,Silver
7354220fb240bde543b3c40c060d41e7,71215,brasilia,DF,672.0,96.0,7,165.13,23.59,7,6,4.57,7,0.53,7,0.0,3.29,3.0,6.86,6.0,100.0,3,6,2018-01-04 13:40:05,2018-07-25 04:34:42,7,202,0.0347,96.0,1.0,1,Bronze,1,Silver
9fc70243fb26800cba56e8f014797004,30270,belo horizonte,MG,466.6,66.66,7,104.7,14.96,6,2,4.57,7,0.79,7,0.0,1.86,1.0,6.57,5.0,100.0,2,2,2017-11-13 15:17:00,2018-07-29 08:32:21,7,258,0.0271,77.76666666666667,1.1666666666666667,1,Basic,1,Silver
ff1e15b778c700abdd4d239b81ac466d,81260,curitiba,PR,414.3,59.19,7,114.86,16.41,7,2,4.57,7,0.53,7,0.0,1.86,1.0,5.0,5.0,100.0,2,2,2018-08-02 12:06:18,2018-08-21 18:42:15,7,20,0.35,59.18571428571429,1.0,1,Basic,1,Silver
bd4431c1a8dfa744b59e1e2a8bc99b9e,20761,rio de janeiro,RJ,809.5,115.64,7,204.09,29.16,7,5,4.57,7,0.79,7,0.0,0.43,0.0,5.86,7.0,100.0,1,5,2018-04-05 22:09:05,2018-08-14 12:35:00,7,131,0.0534,115.64285714285714,1.0,1,Bronze,1,Silver
e4ebd3f87bf70440014f07ddda7fbe03,19470,presidente epitacio,SP,671.5,95.93,7,115.76,16.54,7,4,4.57,7,0.53,7,0.0,1.71,2.0,15.14,12.0,100.0,2,4,2017-12-07 21:14:24,2018-03-05 18:13:14,7,88,0.0795,95.92857142857144,1.0,1,Bronze,1,Silver
ef30892870c278497523264be1be2241,14801,araraquara,SP,783.2,87.02,9,109.34,12.15,9,5,4.56,9,1.33,9,11.11,1.44,1.0,5.67,6.0,100.0,1,5,2017-12-05 21:18:13,2018-01-31 18:59:31,9,57,0.1579,87.02222222222223,1.0,1,Bronze,1,Silver
d66c11a9572221d92fbb8c4897db5f9b,20770,rio de janeiro,RJ,776.56,48.54,16,387.82,24.24,16,9,4.56,16,0.73,16,0.0,1.19,1.0,6.31,5.0,100.0,3,9,2018-06-23 22:12:28,2018-08-22 18:36:40,16,60,0.2667,48.535,1.0,1,Bronze,1,Silver
9539213aa8e023c01937bef95dc006da,3673,sao paulo,SP,229.1,25.46,9,89.94,9.99,9,2,4.56,9,0.73,9,0.0,7.22,8.0,3.67,1.0,100.0,1,2,2017-11-29 18:10:01,2018-03-11 22:52:36,9,103,0.0874,25.45555555555556,1.0,1,Basic,1,Silver
63a79f5a7eb5cb48a7e5787b141c7993,38701,patos de minas,MG,815.1,74.1,11,200.83,18.26,11,6,4.55,11,0.69,11,0.0,2.18,2.0,3.45,4.0,100.0,2,6,2018-04-11 12:14:12,2018-07-16 12:34:46,11,97,0.1134,74.10000000000001,1.0,1,Bronze,1,Silver
562f8cfc51f265411f487d07e9c40e7f,30575,belo horizonte,MG,766.92,58.99,13,199.33,15.33,13,4,4.54,13,0.66,13,0.0,3.54,4.0,9.69,9.0,100.0,2,4,2017-10-18 12:20:20,2018-05-07 18:58:49,13,202,0.0644,58.99384615384615,1.0,1,Bronze,1,Silver
0d33a55da925bbf1ff02af5f6059fc7f,5632,sao paulo,SP,547.3,22.8,24,385.61,16.07,22,8,4.52,25,1.05,25,8.0,1.33,1.5,6.67,4.5,100.0,4,8,2017-11-09 12:56:00,2018-08-01 12:32:19,24,265,0.0906,24.877272727272725,1.0909090909090908,1,Bronze,1,Silver
c157bdeedcbc9a8e3c8bf0d87ff24428,18120,mairinque,SP,514.27,51.43,10,208.7,20.87,7,4,4.5,10,0.71,10,0.0,2.4,3.0,9.3,8.5,100.0,1,4,2017-05-05 16:46:55,2017-08-20 12:22:14,10,107,0.0935,73.46714285714286,1.4285714285714286,1,Bronze,1,Silver
70b52a4cfc823994561b00bad161b4ed,2727,sao paulo,SP,585.0,58.5,10,100.35,10.04,8,1,4.5,10,0.71,10,0.0,9.2,8.5,2.4,1.5,100.0,1,1,2017-02-21 16:17:51,2018-07-18 13:50:09,10,512,0.0195,73.125,1.25,1,Bronze,1,Silver
579891617139df7d8671d373f0669622,20061,rio de janeiro,RJ,280.3,35.04,8,128.2,16.02,8,7,4.5,8,1.41,8,12.5,9.25,7.0,8.0,5.5,100.0,2,7,2017-06-07 20:09:55,2018-07-02 08:00:35,8,390,0.0205,35.0375,1.0,1,Basic,1,Silver
2059c39f76271d4ca3f15b5ffaccc8b8,81930,curitiba,PR,604.9,50.41,12,186.39,15.53,12,2,4.5,12,0.67,12,0.0,1.92,1.5,6.5,6.0,100.0,1,2,2017-02-01 13:18:42,2017-09-07 20:12:30,12,219,0.0548,50.40833333333333,1.0,1,Bronze,1,Silver
baa49d93c8c8841e27400a300f5d74b2,88113,sao jose,SC,246.4,41.07,6,88.02,14.67,6,3,4.5,6,0.55,6,0.0,3.33,1.0,8.0,6.5,100.0,1,3,2017-05-03 13:31:27,2017-06-05 12:57:58,6,33,0.1818,41.06666666666667,1.0,1,Basic,1,Silver
5def4c3732941a971cba8fdee992ede1,2113,sao paulo,SP,134.8,22.47,6,66.24,11.04,5,5,4.5,6,0.55,6,0.0,0.17,0.0,3.17,1.0,100.0,4,5,2018-08-02 12:07:17,2018-08-28 18:49:20,6,27,0.2222,26.96,1.2,1,Basic,1,Silver
9c3c24eca51c52b91c1de727d2a2ae06,95020,caxias do sul,RS,307.5,51.25,6,113.66,18.94,6,3,4.5,6,0.55,6,0.0,3.5,1.5,6.17,6.0,100.0,2,3,2016-10-10 15:23:51,2018-05-21 10:41:20,6,588,0.0102,51.25,1.0,1,Basic,1,Silver
1d29dfba02015238dfbe2449a5eaa361,36576,vicosa,MG,612.8,51.07,12,177.12,14.76,12,3,4.5,12,1.17,12,8.33,1.5,0.0,12.92,7.5,100.0,1,3,2017-02-01 09:54:31,2018-05-10 13:09:26,12,464,0.0259,51.06666666666666,1.0,1,Bronze,1,Silver
e1b12447a7563944843191754aeb5562,7145,guarulhos,SP,472.46,47.25,10,126.67,12.67,9,6,4.5,10,1.27,10,10.0,1.6,1.5,13.5,11.5,100.0,4,6,2017-09-12 13:52:02,2018-01-05 00:47:54,10,115,0.087,52.49555555555556,1.1111111111111112,1,Basic,1,Silver
2e7ea2aafec5835e781b21d6d1faf1f1,2820,sao paulo,SP,528.4,75.49,7,118.22,16.89,7,4,4.5,6,0.55,6,0.0,2.0,2.0,4.14,4.0,100.0,1,4,2018-07-05 18:35:55,2018-08-23 21:46:53,7,50,0.14,75.48571428571428,1.0,1,Bronze,1,Silver
94b9108d4b637ba65bb4f1e53cfcf8d8,7221,guarulhos,SP,234.96,29.37,8,99.13,12.39,7,3,4.5,8,1.41,8,12.5,3.88,3.5,11.5,5.5,100.0,2,3,2017-09-02 16:05:34,2018-08-03 10:56:56,8,335,0.0239,33.565714285714286,1.1428571428571428,1,Basic,1,Silver
0ddefe3c7a032b91f4e25b9c3a08fca1,9721,sao bernardo do campo,SP,402.9,40.29,10,150.0,15.0,9,7,4.5,10,0.71,10,0.0,2.2,2.0,5.4,4.0,100.0,4,7,2018-04-12 15:09:11,2018-08-24 12:41:33,10,134,0.0746,44.766666666666666,1.1111111111111112,1,Basic,1,Silver
034b9387752bfa309f350a70cd45ffa3,89036,blumenau,SC,96.0,12.0,8,144.26,18.03,8,2,4.5,8,0.53,8,0.0,1.88,2.0,5.88,5.0,100.0,1,2,2018-04-11 15:53:57,2018-08-22 16:05:04,8,134,0.0597,12.0,1.0,1,Basic,1,Silver
e627629ba868740e287800f1a9be81c2,1421,sao paulo,SP,504.5,38.81,13,139.05,10.7,13,13,4.46,13,1.2,13,7.69,1.45,1.0,4.45,4.0,84.62,2,13,2017-02-03 21:44:34,2017-07-13 13:08:15,13,160,0.0812,38.80769230769231,1.0,1,Bronze,1,Silver
6e864f5c4669eff3d98140a07cc50202,5639,sao paulo,SP,740.59,56.97,13,191.77,14.75,13,5,4.46,13,1.13,13,7.69,2.62,3.0,6.38,6.0,100.0,3,5,2017-08-02 13:12:25,2018-05-30 14:51:11,13,302,0.043,56.96846153846154,1.0,1,Bronze,1,Silver
5f7300535881cef3b625fd683cf7d145,92020,canoas,RS,665.98,60.54,11,170.85,15.53,10,7,4.45,11,1.29,11,9.09,0.91,1.0,7.91,6.0,100.0,1,7,2017-10-15 23:06:38,2018-07-22 21:51:37,11,280,0.0393,66.598,1.1,1,Bronze,1,Silver
08084d990eb3f53af056ccbc1730c8a7,3612,sao paulo,SP,372.5,31.04,12,234.29,19.52,12,3,4.45,11,0.82,11,0.0,2.92,2.5,4.58,5.0,100.0,1,3,2018-02-08 07:04:45,2018-08-14 20:56:45,12,188,0.0638,31.041666666666668,1.0,1,Basic,1,Silver
e603cf3fec55f8697c9059638d6c8eb5,96080,pelotas,RS,297.0,27.0,11,185.47,16.86,8,1,4.45,11,0.93,11,9.09,1.0,1.0,4.6,3.0,90.91,0,1,2017-02-07 11:32:53,2017-06-16 17:21:21,11,130,0.0846,37.125,1.375,1,Basic,1,Silver
85cc55e048b6bcc90c75afe7f0e72f72,27345,barra mansa,RJ,308.28,34.25,9,193.48,21.5,9,6,4.44,9,1.33,9,11.11,0.89,1.0,11.33,6.0,100.0,5,6,2018-05-07 00:06:34,2018-07-25 21:36:32,9,80,0.1125,34.25333333333333,1.0,1,Basic,1,Silver
039b29ff3b3473435d0cd59040575de9,9443,ribeirao pires,SP,114.9,12.77,9,100.65,11.18,9,7,4.44,9,0.88,9,0.0,3.56,3.0,4.56,1.0,100.0,2,7,2018-04-26 11:32:03,2018-08-23 13:56:52,9,120,0.075,12.766666666666667,1.0,1,Basic,1,Silver
a1bea7061f61f6fdd9a85a6325ba1033,6311,carapicuiba / sao paulo,SP,810.95,90.11,9,99.93,11.1,9,8,4.44,9,0.88,9,0.0,0.78,1.0,2.78,2.0,100.0,8,8,2018-06-27 11:26:01,2018-08-26 13:26:12,9,61,0.1475,90.10555555555555,1.0,1,Bronze,4,Gold
13c2ed7698b3ca92dad49e849219da59,84010,ponta grossa,PR,498.61,55.4,9,154.68,17.19,8,7,4.44,9,1.33,9,11.11,1.44,1.0,9.22,7.0,100.0,1,7,2018-01-03 20:20:26,2018-08-02 12:06:05,9,211,0.0427,62.32625,1.125,1,Basic,1,Silver
3076499bbc033a927bf4a8a41bcf7fd4,15350,auriflama,SP,359.33,39.93,9,124.3,13.81,7,7,4.44,9,1.13,9,11.11,2.0,2.0,4.33,5.0,100.0,2,7,2018-05-03 15:40:43,2018-08-22 11:13:09,9,111,0.0811,51.33285714285714,1.2857142857142858,1,Basic,1,Silver
80f2cf9abf6b5a0e5c612b5eea6646e6,15046,sao jose do rio preto,SP,766.08,109.44,7,288.7,41.24,7,7,4.43,7,1.51,7,14.29,0.83,1.0,8.83,7.5,85.71,2,7,2018-04-05 08:21:18,2018-07-21 23:27:59,7,108,0.0648,109.44,1.0,1,Bronze,1,Silver
26bad72add1f86e08a776ce4ffdaf1ca,14470,pedregulho,SP,622.0,88.86,7,123.92,17.7,7,5,4.43,7,0.79,7,0.0,1.86,2.0,8.29,8.0,100.0,1,5,2017-09-13 14:44:40,2018-05-21 11:08:51,7,250,0.028,88.85714285714286,1.0,1,Bronze,1,Silver
768de2a4fc06aacecb9a586ccc30746a,70645,brasilia,DF,475.6,33.97,14,237.93,17.0,14,2,4.43,14,1.16,14,7.14,1.71,2.0,12.15,13.0,92.86,2,2,2017-08-08 21:31:55,2018-05-18 10:33:52,14,283,0.0495,33.971428571428575,1.0,1,Basic,1,Silver
63b9ae557efed31d1f7687917d248a8d,13720,sao jose do rio pardo,SP,139.5,19.93,7,102.81,14.69,5,6,4.43,7,1.51,7,14.29,2.86,3.0,12.14,6.0,100.0,2,6,2016-10-05 11:44:41,2017-02-13 19:14:05,7,132,0.053,27.9,1.4,1,Basic,1,Silver
3f9be91358837bff69df67edfa3e42e8,86039,londrina,PR,569.7,81.39,7,132.36,18.91,7,4,4.43,7,1.51,7,14.29,0.71,1.0,8.0,8.0,100.0,1,4,2018-03-30 11:29:18,2018-05-12 18:04:04,7,44,0.1591,81.38571428571429,1.0,1,Bronze,1,Silver
808d4348b916efa08e766ebad39f61eb,2336,sao paulo,SP,731.1,34.81,21,283.82,13.52,21,11,4.43,21,1.21,21,9.52,2.15,2.0,4.95,4.5,95.24,1,11,2018-07-07 19:45:17,2018-08-22 10:41:47,21,46,0.4565,34.81428571428572,1.0,1,Bronze,1,Silver
d594982fd877af63ace38ea1fca27c76,1031,sao paulo,SP,217.04,31.01,7,92.66,13.24,7,2,4.43,7,1.13,7,14.29,2.71,3.0,4.43,6.0,100.0,2,2,2018-06-29 18:11:23,2018-08-21 11:11:03,7,53,0.1321,31.005714285714284,1.0,1,Basic,1,Silver
5566627eab3fe93fd6ee08798226101a,83005,sao jose dos pinhais,PR,85.5,17.1,5,102.31,20.46,5,4,4.4,5,0.89,5,0.0,1.6,1.0,6.2,6.0,100.0,1,4,2017-04-13 00:27:41,2018-01-22 10:33:42,5,285,0.0175,17.1,1.0,1,Basic,1,Silver
534a01cc6df1e034e05c32028a291fa2,13214,jundiai,SP,235.59,47.12,5,59.86,11.97,5,4,4.4,5,0.89,5,0.0,2.4,1.0,7.4,7.0,100.0,2,4,2017-08-16 19:24:28,2017-10-23 11:33:12,5,68,0.0735,47.118,1.0,1,Basic,1,Silver
97e4a63591ca439a2b8b7efd20e6e19e,20520,rio de janeiro,RJ,349.95,69.99,5,78.55,15.71,5,2,4.4,5,0.89,5,0.0,2.0,1.0,3.6,2.0,100.0,1,2,2018-02-23 18:13:43,2018-08-16 19:32:56,5,175,0.0286,69.99,1.0,1,Basic,1,Silver
883dd81e82754ac2c65e9790a7db8c9a,81070,curitiba,PR,319.5,63.9,5,74.96,14.99,5,4,4.4,5,1.34,5,20.0,1.2,1.0,4.8,6.0,100.0,2,4,2017-10-23 19:51:15,2018-06-23 19:04:41,5,243,0.0206,63.9,1.0,1,Basic,1,Silver
7d7866a99a8656a42c7ff6352a433410,1320,sao paulo,SP,147.89,29.58,5,59.49,11.9,5,4,4.4,5,0.89,5,0.0,0.6,0.0,3.2,3.0,100.0,3,4,2018-07-03 23:18:04,2018-08-29 14:52:00,5,57,0.0877,29.578,1.0,1,Basic,1,Silver
46ef1a25845fc051c2998d878354810c,35530,claudio,MG,250.41,50.08,5,98.04,19.61,5,4,4.4,5,0.55,5,0.0,1.6,1.0,14.4,16.0,100.0,2,4,2017-09-13 22:26:26,2018-08-17 21:23:04,5,338,0.0148,50.082,1.0,1,Basic,1,Silver
253f95b3a0e6983ae18aed49fbc2b845,4141,sao paulo,SP,799.5,159.9,5,91.44,18.29,5,2,4.4,5,0.89,5,0.0,2.0,1.0,6.2,6.0,100.0,1,2,2018-03-21 08:26:56,2018-06-11 11:52:05,5,83,0.0602,159.9,1.0,1,Bronze,1,Silver
57df9869a600bd6b7c405f2a862eccfb,37540,santa rita do sapucai,MG,125.0,25.0,5,72.21,14.44,5,1,4.4,5,0.55,5,0.0,1.6,1.0,4.8,5.0,100.0,1,1,2018-04-12 21:38:02,2018-08-14 18:05:19,5,124,0.0403,25.0,1.0,1,Basic,1,Silver
9ac4f14370b1e24ddc58be041b7f99df,76330,jaragua,GO,314.51,62.9,5,122.14,24.43,5,5,4.4,5,0.89,5,0.0,1.4,1.0,6.6,7.0,100.0,3,5,2018-02-24 23:39:56,2018-07-05 16:40:15,5,131,0.0382,62.902,1.0,1,Basic,1,Silver
7d294cf9a6a69dc6a0c3e540fff0e039,88390,barra velha,SC,257.25,51.45,5,194.13,38.83,5,1,4.4,5,0.89,5,0.0,1.2,1.0,6.6,6.0,100.0,1,1,2018-05-06 20:37:58,2018-08-01 19:42:37,5,87,0.0575,51.45,1.0,1,Basic,1,Silver
73b8eb4a9a729d4019b24ed1be748cbf,13070,campinas,SP,692.41,86.55,8,105.57,13.2,8,7,4.38,8,1.41,8,12.5,0.43,0.0,2.71,1.0,87.5,2,7,2018-06-18 10:32:17,2018-08-07 14:24:49,8,51,0.1569,86.55125,1.0,1,Bronze,1,Silver
15ead3a5037a918ddb520dfe39a3d2b9,36401,conselheiro lafaiete,MG,275.5,34.44,8,158.45,19.81,7,8,4.38,8,1.41,8,12.5,4.12,4.5,13.71,18.0,87.5,1,8,2018-01-22 13:48:41,2018-04-24 09:38:50,8,92,0.087,39.35714285714285,1.1428571428571428,1,Basic,1,Silver
32fdd5d44ecb43dfd6a24b9369eca144,35557,carmo do cajuru,MG,479.2,59.9,8,138.68,17.34,8,5,4.38,8,0.92,8,0.0,2.12,1.5,13.0,11.0,100.0,1,5,2017-03-22 12:10:36,2017-05-15 13:20:05,8,55,0.1455,59.9,1.0,1,Basic,1,Silver
6f83d9e4da896daae20b9b6b2d3ff8d2,84925,pinhalao,PR,765.19,69.56,11,219.85,19.99,11,5,4.36,11,1.29,11,9.09,2.82,2.0,11.18,7.0,100.0,1,5,2018-03-22 10:15:19,2018-07-31 17:24:44,11,132,0.0833,69.56272727272727,1.0,1,Bronze,1,Silver
b16d3dadc47d4eb18be3d88bad0775ce,93608,estancia velha,RS,722.1,65.65,11,178.44,16.22,10,10,4.36,11,1.29,11,9.09,1.55,1.0,4.0,4.0,100.0,3,10,2018-05-29 23:02:46,2018-08-16 22:06:01,11,79,0.1392,72.21000000000001,1.1,1,Bronze,1,Silver
916748bc99315c2d202898ae58b1617e,18040,sorocaba,SP,369.4,11.54,32,377.11,11.78,25,5,4.34,32,1.04,32,6.25,3.94,4.0,5.41,4.5,100.0,2,5,2017-02-12 22:05:47,2017-11-25 14:37:15,32,286,0.1119,14.776,1.28,1,Basic,1,Silver
31be790e64fc99f8ff48ec2bd18a3104,9690,sao bernardo do campo,SP,241.4,40.23,6,72.28,12.05,6,3,4.33,6,0.82,6,0.0,3.5,3.5,2.17,1.5,100.0,1,3,2018-07-29 23:08:40,2018-08-17 20:53:26,6,19,0.3158,40.23333333333333,1.0,1,Basic,1,Silver
14ee35374a7876217954b5fa08e50463,15015,sao jose do rio preto,SP,809.0,134.83,6,114.05,19.01,6,2,4.33,6,0.82,6,0.0,2.0,1.5,14.5,14.5,100.0,1,2,2017-10-04 19:55:43,2018-01-17 11:42:31,6,105,0.0571,134.83333333333334,1.0,1,Bronze,1,Silver
777a0c55737f34ffeb78010f7542ab41,1541,sao paulo,SP,452.5,75.42,6,75.83,12.64,6,3,4.33,6,1.21,6,16.67,0.17,0.0,3.0,2.0,100.0,2,3,2018-06-27 09:02:19,2018-08-20 17:59:47,6,55,0.1091,75.41666666666667,1.0,1,Basic,1,Silver
6879c4d287a8dd06b11f54ea8f78e4da,6186,osasco,SP,527.67,87.94,6,149.46,24.91,6,3,4.33,6,1.63,6,16.67,0.67,0.5,5.33,4.0,100.0,3,3,2018-06-13 23:58:54,2018-08-14 23:53:56,6,62,0.0968,87.945,1.0,1,Bronze,1,Silver
52092ddbd3a58c450a4459bf051b2287,17300,dois corregos,SP,351.7,58.62,6,75.35,12.56,6,4,4.33,6,1.63,6,16.67,1.17,1.0,11.0,7.5,100.0,1,4,2017-11-11 11:22:49,2018-03-27 15:40:33,6,137,0.0438,58.61666666666667,1.0,1,Basic,1,Silver
152ee17e4c8aaf53dac99f3462e4999b,89248,garuva,SC,308.96,51.49,6,95.97,16.0,6,3,4.33,6,0.82,6,0.0,2.67,2.5,7.33,7.0,100.0,2,3,2017-07-14 14:16:10,2017-10-14 11:58:43,6,92,0.0652,51.49333333333333,1.0,1,Basic,1,Silver
f435898e493ba0356019a0b1cb8b55b1,81720,curitiba,PR,649.76,54.15,12,230.92,19.24,10,5,4.33,12,1.3,12,8.33,0.75,0.5,8.92,8.5,100.0,1,5,2017-02-05 02:16:12,2018-05-25 10:23:03,12,475,0.0253,64.976,1.2,1,Bronze,1,Silver
2f4b9d112bfa44a214bc6cef085d17c8,29600,afonso claudio,ES,293.99,49.0,6,119.27,19.88,5,3,4.33,6,0.52,6,0.0,2.67,2.0,10.83,8.0,100.0,3,3,2016-10-07 10:06:58,2017-04-16 20:08:33,6,192,0.0312,58.798,1.2,1,Basic,1,Silver
07de60b03d150fb3ea09eab5da5e4c8b,14940,ibitinga,SP,719.1,79.9,9,169.9,18.88,9,4,4.33,9,1.32,9,11.11,0.67,0.0,11.89,7.0,100.0,1,4,2018-01-31 23:06:27,2018-08-18 20:44:06,9,199,0.0452,79.9,1.0,1,Bronze,1,Silver
0e44d110fa6a54e121cb2c095a77762f,7901,francisco morato,SP,223.32,37.22,6,70.06,11.68,6,5,4.33,6,1.63,6,16.67,4.0,3.5,7.0,7.0,100.0,1,5,2017-08-04 06:36:20,2018-06-13 00:02:17,6,313,0.0192,37.22,1.0,1,Basic,1,Silver
179d859f51292aac5c10806a356f7af9,9411,ribeirao pires,SP,404.47,21.29,19,395.8,20.83,18,8,4.32,19,1.06,19,5.26,1.74,1.0,6.63,6.0,100.0,1,8,2018-06-29 00:34:12,2018-08-10 16:02:36,19,43,0.4419,22.47055555555556,1.0555555555555556,1,Basic,1,Silver
f52c2422904463fdd7741f99045fecb6,9230,santo andre/sao paulo,SP,567.79,43.68,13,177.01,13.62,12,10,4.31,13,1.25,13,7.69,1.0,1.0,3.62,3.0,100.0,3,10,2018-06-15 21:52:01,2018-08-21 18:44:58,13,67,0.194,47.31583333333333,1.0833333333333333,1,Bronze,1,Silver
6d22a1fcebb6dd08c9cd90b92a93e8d0,89215,joinville,SC,723.7,55.67,13,222.73,17.13,12,9,4.31,13,1.25,13,7.69,3.08,2.0,11.85,14.0,100.0,2,9,2017-08-27 23:06:38,2018-01-26 14:27:45,13,152,0.0855,60.30833333333334,1.0833333333333333,1,Bronze,1,Silver
2f74af7a0ee5636f12c2336f9fffed47,2376,sao paulo,SP,560.7,43.13,13,163.77,12.6,13,12,4.31,13,1.25,13,7.69,3.38,3.0,5.38,4.0,100.0,3,12,2017-06-04 12:09:58,2017-11-20 18:50:52,13,170,0.0765,43.13076923076923,1.0,1,Bronze,1,Silver
ead2bab70821ea148476ae9bc08548ac,31980,belo horizonte,MG,412.1,45.79,9,116.2,12.91,9,4,4.3,10,1.16,10,10.0,0.78,1.0,5.67,4.0,100.0,1,4,2017-10-04 16:29:59,2018-08-01 17:19:21,9,302,0.0298,45.78888888888889,1.0,1,Basic,1,Silver
1acde099eb406aa220b1169b188b42da,2532,sao paulo,SP,311.1,31.11,10,147.4,14.74,9,9,4.3,10,1.34,10,10.0,1.5,1.0,10.0,10.0,100.0,1,9,2017-09-10 22:32:14,2017-11-06 12:41:01,10,57,0.1754,34.56666666666667,1.1111111111111112,1,Basic,1,Silver
b274baf5bbd142410eb2958cf685d684,95780,montenegro,RS,585.9,83.7,7,148.67,21.24,7,7,4.29,7,1.25,7,14.29,0.43,0.0,5.29,4.0,100.0,2,7,2018-05-16 12:51:33,2018-07-20 11:33:51,7,65,0.1077,83.7,1.0,1,Bronze,1,Silver
20a8b0dc55da94fe74d112082427c84f,13312,itu,SP,407.4,58.2,7,123.98,17.71,7,3,4.29,7,1.5,7,14.29,3.14,2.0,4.14,3.0,100.0,2,3,2018-07-31 12:54:10,2018-08-23 11:20:57,7,23,0.3043,58.2,1.0,1,Basic,1,Silver
28405831a29823802aa22c084cfd0649,3644,sao paulo,SP,245.0,35.0,7,88.18,12.6,7,1,4.29,7,0.76,7,0.0,3.67,4.0,2.5,1.0,85.71,1,1,2018-06-26 16:00:19,2018-08-18 18:29:46,7,54,0.1296,35.0,1.0,1,Basic,1,Silver
385799a1cddbd26dfeb9157356a42282,4676,sao paulo,SP,633.93,90.56,7,82.61,11.8,5,4,4.29,7,1.5,7,14.29,2.67,2.0,2.67,1.5,85.71,2,4,2017-03-28 16:03:34,2017-09-09 16:16:29,7,166,0.0422,126.786,1.4,1,Bronze,1,Silver
ff4e2d38692ce827b1a4f4b8196e680d,3319,sao paulo,SP,518.9,47.17,11,150.28,13.66,11,3,4.27,11,1.1,11,9.09,2.82,2.0,5.64,5.0,100.0,2,3,2017-08-20 16:31:57,2018-07-08 10:36:42,11,322,0.0342,47.17272727272727,1.0,1,Bronze,1,Silver
f12d3c2a14729ae461b920c11fe20fdc,9080,santo andre,SP,364.45,33.13,11,94.87,8.62,9,4,4.27,11,0.79,11,0.0,1.09,1.0,3.09,3.0,100.0,2,4,2018-05-03 20:25:44,2018-07-31 20:56:04,11,90,0.1222,40.49444444444444,1.2222222222222223,1,Basic,1,Silver
508808d438fe2ff972ed13bb8f4a82e2,3963,sao paulo,SP,294.83,26.8,11,122.64,11.15,10,10,4.27,11,1.19,11,9.09,0.6,0.5,3.1,2.0,90.91,7,10,2018-08-04 21:13:47,2018-08-27 22:34:17,11,24,0.4583,29.483,1.1,1,Basic,4,Gold
ba5daa4041e1f15cdf34b76e3e18a450,4363,sao paulo,SP,806.8,53.79,15,152.55,10.17,15,11,4.27,15,1.28,15,13.33,1.33,1.0,3.6,1.0,100.0,1,11,2018-02-03 12:38:58,2018-08-20 11:16:03,15,198,0.0758,53.78666666666666,1.0,1,Bronze,1,Silver
0249d282d911d23cb8b869ab49c99f53,5676,sao paulo,SP,393.0,35.73,11,138.88,12.63,11,4,4.27,11,1.27,11,18.18,4.09,2.0,5.09,4.0,100.0,1,4,2017-09-18 20:48:19,2018-03-22 22:37:56,11,186,0.0591,35.72727272727273,1.0,1,Basic,1,Silver
6d988d6174a2c27441597174f8905515,87070,maringa,PR,371.73,16.16,23,365.47,15.89,19,6,4.26,23,1.29,23,13.04,11.7,10.0,6.7,6.0,100.0,2,6,2017-04-02 15:41:12,2018-08-09 15:39:32,23,494,0.0466,19.564736842105265,1.2105263157894737,1,Basic,2,Bronze
de66a66f2dd06bb9ec37aa96987466a3,20910,rio de janeiro,RJ,353.32,44.16,8,115.66,14.46,7,2,4.25,8,1.39,8,12.5,6.12,5.5,7.75,7.0,100.0,2,2,2016-10-10 11:08:53,2017-02-04 21:38:34,8,118,0.0678,50.47428571428571,1.1428571428571428,1,Basic,1,Silver
ba6b4a237f92479743cf0ca06b67a9ac,23550,rio de janeiro,RJ,801.89,100.24,8,111.82,13.98,8,5,4.25,8,1.49,8,12.5,1.75,2.0,10.12,5.0,100.0,5,5,2018-01-17 08:46:59,2018-08-03 18:35:52,8,199,0.0402,100.23625,1.0,1,Bronze,1,Silver
6e4a902d1054e4e17aa6eab87fac1c75,18090,sorocaba,SP,586.57,73.32,8,109.13,13.64,7,4,4.25,8,1.04,8,12.5,2.38,2.0,3.25,1.5,100.0,3,4,2018-08-06 23:49:14,2018-08-21 21:15:52,8,15,0.5333,83.7957142857143,1.1428571428571428,1,Bronze,1,Silver
e3a386fc36e22064434e1fa256f6a9fa,13165,engenheiro coelho,SP,793.9,46.7,17,253.25,14.9,16,10,4.24,17,1.2,17,11.76,1.53,1.0,8.06,4.0,100.0,1,10,2018-01-23 17:08:56,2018-08-16 06:29:04,17,205,0.0829,49.61875,1.0625,1,Bronze,1,Silver
4200ddf1967c5e41e48db62bc6d4b5ac,9710,sao bernardo do campo,SP,734.8,17.5,42,487.93,11.62,22,25,4.24,37,1.28,37,16.22,1.98,2.0,5.98,4.0,100.0,1,25,2017-08-20 19:18:04,2018-04-18 14:22:18,42,241,0.1743,33.4,1.9090909090909087,1,Bronze,1,Silver
1d503743d2526f03f0c2c89540ee008c,1035,sao paulo,SP,516.04,30.36,17,204.49,12.03,12,7,4.24,17,1.35,17,11.76,1.41,2.0,6.71,3.0,100.0,5,7,2018-01-25 15:23:17,2018-07-15 12:57:22,17,171,0.0994,43.00333333333333,1.4166666666666667,1,Bronze,1,Silver
a2fa0bdc798ee84cdb08281337cf4fb6,88063,florianopolis,SC,392.75,30.21,13,218.27,16.79,10,7,4.23,13,1.54,13,15.38,10.55,8.0,8.64,8.0,84.62,1,7,2017-03-08 10:33:45,2018-03-16 04:11:03,13,373,0.0349,39.275,1.3,1,Basic,2,Bronze
d9442042130b7fe579d1295f9f4a248f,3550,sao paulo,SP,772.16,35.1,22,338.88,15.4,19,8,4.23,22,1.41,22,13.64,4.18,4.0,6.23,6.5,100.0,4,8,2017-04-23 00:17:47,2017-09-11 20:01:57,22,142,0.1549,40.64,1.1578947368421053,1,Bronze,1,Silver
b3f19518fcec265b2e97af287725f981,15170,tanabi,SP,486.91,54.1,9,137.57,15.29,9,4,4.22,9,0.83,9,0.0,2.0,1.0,8.0,7.5,88.89,1,4,2017-03-20 20:01:39,2017-08-26 12:44:06,9,159,0.0566,54.10111111111112,1.0,1,Basic,1,Silver
c7a0a13cbcf29d5ce51c8f80afdc0b89,89170,laurentino,SC,483.08,53.68,9,174.72,19.41,8,4,4.22,9,1.09,9,11.11,3.11,3.0,6.22,4.0,100.0,2,4,2017-10-04 23:18:03,2018-08-08 23:12:35,9,308,0.0292,60.385,1.125,1,Basic,1,Silver
c33a5c3c983090c8b78a28e65052a20d,88802,criciuma,SC,629.1,69.9,9,145.06,16.12,9,3,4.22,9,1.56,9,22.22,0.89,1.0,9.75,11.5,88.89,1,3,2018-01-15 10:28:06,2018-06-24 23:22:22,9,161,0.0559,69.9,1.0,1,Bronze,1,Silver
d0d70d21e2234dd7cd3cf63fe414148a,58865,sao bento,PB,598.4,66.49,9,366.59,40.73,8,6,4.22,9,1.3,9,11.11,1.33,1.0,6.78,7.0,100.0,1,6,2018-06-28 00:41:07,2018-08-15 20:43:17,9,49,0.1837,74.8,1.125,1,Bronze,1,Silver
39d61be7a92eb77b7da367bd4845bc0e,13420,sao paulo,SP,700.59,50.04,14,209.03,14.93,7,6,4.21,14,1.12,14,14.29,4.29,5.0,5.43,4.5,100.0,1,6,2018-03-21 20:35:30,2018-08-07 14:24:03,14,139,0.1007,100.08428571428573,2.0,1,Bronze,1,Silver
7b7ed56ae755e2880f2b69632e839c1e,74230,goiania,GO,321.5,64.3,5,135.1,27.02,5,4,4.2,5,1.1,5,0.0,1.2,1.0,5.2,4.0,100.0,1,4,2018-08-07 08:05:25,2018-08-15 19:33:04,5,9,0.5556,64.3,1.0,1,Basic,1,Silver
5f0057b677eb963672bf05dfa3f16c34,1309,sao paulo,SP,312.88,62.58,5,67.01,13.4,5,5,4.2,5,1.79,5,20.0,3.0,2.5,3.5,3.5,80.0,3,5,2016-10-07 21:19:32,2017-02-19 22:31:47,5,136,0.0368,62.576,1.0,1,Basic,1,Silver
851773c885feb5e2da3b4f82bc2b17ce,18683,lencois paulista,SP,585.3,58.53,10,251.83,25.18,10,8,4.2,10,1.32,10,10.0,1.2,1.0,14.7,9.0,100.0,1,8,2018-02-08 13:55:48,2018-08-26 13:33:43,10,199,0.0503,58.53,1.0,1,Bronze,1,Silver
df47da4ae86fa4db890d05aaf24e21d8,4360,sao paulo,SP,310.5,62.1,5,77.18,15.44,5,2,4.2,5,1.79,5,20.0,1.4,1.0,4.8,5.0,100.0,2,2,2018-07-23 17:57:33,2018-08-23 10:47:14,5,31,0.1613,62.1,1.0,1,Basic,1,Silver
ba6b68b55fe8704377a7d43c8e5c0185,30130,belo horizonte,MG,739.77,147.95,5,92.45,18.49,5,3,4.2,5,1.3,5,20.0,2.6,2.0,7.0,7.0,100.0,2,3,2017-05-02 06:49:31,2017-06-03 14:27:54,5,33,0.1515,147.954,1.0,1,Bronze,1,Silver
ab9db4cf53b08b828b64dccaafc2d9f0,96530,paraiso do sul,RS,277.67,55.53,5,125.76,25.15,5,4,4.2,5,1.79,5,20.0,2.5,2.0,8.25,8.0,80.0,3,4,2017-05-18 17:35:59,2018-07-19 14:24:09,5,427,0.0117,55.534000000000006,1.0,1,Basic,1,Silver
c84592044b180dec206770c38603814b,1026,sao paulo,SP,511.94,34.13,15,224.26,14.95,15,5,4.2,15,1.26,15,13.33,1.93,1.0,10.07,9.0,93.33,4,5,2018-02-28 14:53:09,2018-05-22 20:31:58,15,84,0.1786,34.129333333333335,1.0,1,Bronze,1,Silver
